{"cameraMode":{"drawMode":0,"name":"Shaded","section":"Shading Mode"},"sceneLighting":true,"audioPlay":false,"sceneViewState":{"showFog":true,"showMaterialUpdate":false,"showSkybox":true,"showFlares":true,"showImageEffects":true,"showParticleSystems":true},"in2DMode":false,"pivot":{"x":-1.2502076625823975,"y":-0.02471497654914856,"z":6.676448822021484},"rotation":{"x":-0.032283928245306018,"y":0.2454235702753067,"z":-0.008178016170859337,"w":-0.9688444137573242},"size":7.536343097686768,"orthographic":false}