{"cameraMode":{"drawMode":0,"name":"Shaded","section":"Shading Mode"},"sceneLighting":true,"audioPlay":false,"sceneViewState":{"showFog":true,"showMaterialUpdate":false,"showSkybox":true,"showFlares":true,"showImageEffects":true,"showParticleSystems":true},"in2DMode":false,"pivot":{"x":-0.10714530944824219,"y":1.9750325679779053,"z":10.226018905639649},"rotation":{"x":0.13150009512901307,"y":0.15339672565460206,"z":-0.020601090043783189,"w":0.9791608452796936},"size":8.922723770141602,"orthographic":false}