{"cameraMode":{"drawMode":0,"name":"Shaded","section":"Shading Mode"},"sceneLighting":true,"audioPlay":false,"sceneViewState":{"showFog":true,"showMaterialUpdate":false,"showSkybox":true,"showFlares":true,"showImageEffects":true,"showParticleSystems":true},"in2DMode":false,"pivot":{"x":1.6474884748458863,"y":-0.7279262542724609,"z":0.8276147842407227},"rotation":{"x":0.2042774260044098,"y":-0.02789926901459694,"z":0.005823776591569185,"w":0.9785024523735046},"size":7.471478462219238,"orthographic":false}