{"cameraMode":{"drawMode":0,"name":"Shaded","section":"Shading Mode"},"sceneLighting":true,"audioPlay":false,"sceneViewState":{"showFog":true,"showMaterialUpdate":false,"showSkybox":true,"showFlares":true,"showImageEffects":true,"showParticleSystems":true},"in2DMode":false,"pivot":{"x":-1.4602967500686646,"y":1.7897038459777833,"z":8.816240310668946},"rotation":{"x":0.11218728870153427,"y":0.03665605187416077,"z":-0.00414698664098978,"w":0.9930084943771362},"size":2.3098859786987306,"orthographic":false}