{"cameraMode":{"drawMode":0,"name":"Shaded","section":"Shading Mode"},"sceneLighting":true,"audioPlay":false,"sceneViewState":{"showFog":true,"showMaterialUpdate":false,"showSkybox":true,"showFlares":true,"showImageEffects":true,"showParticleSystems":true},"in2DMode":false,"pivot":{"x":6.616278648376465,"y":-0.21111154556274415,"z":10.0},"rotation":{"x":0.2641344368457794,"y":0.5690984129905701,"z":-0.19970852136611939,"w":0.7526670694351196},"size":0.7116126418113709,"orthographic":false}