{"cameraMode":{"drawMode":0,"name":"Shaded","section":"Shading Mode"},"sceneLighting":true,"audioPlay":false,"sceneViewState":{"showFog":true,"showMaterialUpdate":false,"showSkybox":true,"showFlares":true,"showImageEffects":true,"showParticleSystems":true},"in2DMode":false,"pivot":{"x":2.70287823677063,"y":1.2174395322799683,"z":10.340067863464356},"rotation":{"x":0.17376044392585755,"y":0.09673319756984711,"z":-0.017145058140158654,"w":0.979891836643219},"size":2.5116126537323,"orthographic":false}