{"cameraMode":{"drawMode":0,"name":"Shaded","section":"Shading Mode"},"sceneLighting":true,"audioPlay":false,"sceneViewState":{"showFog":true,"showMaterialUpdate":false,"showSkybox":true,"showFlares":true,"showImageEffects":true,"showParticleSystems":true},"in2DMode":false,"pivot":{"x":8.962278366088868,"y":-8.195926666259766,"z":8.202386856079102},"rotation":{"x":0.14047090709209443,"y":0.030587049201130868,"z":-0.004338838160037994,"w":0.9896264672279358},"size":11.999598503112793,"orthographic":false}