{"cameraMode":{"drawMode":0,"name":"Shaded","section":"Shading Mode"},"sceneLighting":true,"audioPlay":false,"sceneViewState":{"showFog":true,"showMaterialUpdate":false,"showSkybox":true,"showFlares":true,"showImageEffects":true,"showParticleSystems":true},"in2DMode":false,"pivot":{"x":4.636612415313721,"y":-0.36790144443511965,"z":4.51936149597168},"rotation":{"x":0.20617565512657166,"y":-0.08705634623765946,"z":0.018431201577186586,"w":0.9744816422462463},"size":3.9746878147125246,"orthographic":false}