{"cameraMode":{"drawMode":0,"name":"Shaded","section":"Shading Mode"},"sceneLighting":true,"audioPlay":false,"sceneViewState":{"showFog":true,"showMaterialUpdate":false,"showSkybox":true,"showFlares":true,"showImageEffects":true,"showParticleSystems":true},"in2DMode":false,"pivot":{"x":1027.334716796875,"y":597.9422607421875,"z":0.00027489662170410156},"rotation":{"x":-0.10140027105808258,"y":0.47630012035369875,"z":-0.05540807172656059,"w":-0.8716587424278259},"size":3.6156558990478517,"orthographic":false}